age,%_marms_pos
1,30
2,20.83333333
3,33.33333333
4,21.42857143
5,36.36363636
6,28.57142857
7,64.28571429
8,23.07692308
9,80
10,33.33333333
11,50
12,0
13,100